[
  {
    "id": 1,
    "firstname": "Pappu",
    "lastname": "Yadav",
    "email": "pappu.yadav@example.com"
  },
  {
    "id": 2,
    "firstname": "Guddu",
    "lastname": "Pandit",
    "email": "guddu.pandit@example.com"
  },
  {
    "id": 3,
    "firstname": "Bablu",
    "lastname": "Sharma",
    "email": "bablu.sharma@example.com"
  },
  {
    "id": 4,
    "firstname": "Tinku",
    "lastname": "Verma",
    "email": "tinku.verma@example.com"
  },
  {
    "id": 5,
    "firstname": "Chintu",
    "lastname": "Singh",
    "email": "chintu.singh@example.com"
  }
]
