[
  {
    "id": 1,
    "name": "Aarav Sharma",
    "email": "aarav.sharma@example.com",
    "phone": "9876543210"
  },
  {
    "id": 2,
    "name": "Ishita Verma",
    "email": "ishita.verma@example.com",
    "phone": "9123456780"
  },
  {
    "id": 3,
    "name": "Rohan Mehta",
    "email": "rohan.mehta@example.com",
    "phone": "9812345678"
  },
  {
    "id": 4,
    "name": "Priya Nair",
    "email": "priya.nair@example.com",
    "phone": "9988776655"
  },
  {
    "id": 5,
    "name": "Karan Singh",
    "email": "karan.singh@example.com",
    "phone": "9876123456"
  },
  {
    "id": 6,
    "name": "Neha Kapoor",
    "email": "neha.kapoor@example.com",
    "phone": "9765432109"
  },
  {
    "id": 7,
    "name": "Vikram Joshi",
    "email": "vikram.joshi@example.com",
    "phone": "9911223344"
  },
  {
    "id": 8,
    "name": "Simran Kaur",
    "email": "simran.kaur@example.com",
    "phone": "9877001122"
  },
  {
    "id": 9,
    "name": "Aditya Iyer",
    "email": "aditya.iyer@example.com",
    "phone": "9800112233"
  },
  {
    "id": 10,
    "name": "Meera Das",
    "email": "meera.das@example.com",
    "phone": "9898989898"
  }
]
